{
  "checkpoint": "checkpoints/popnet/popnet-09-0.7894.ckpt",
  "parquet": "data/datasets/populationnet_nl10.parquet",
  "val_weight_sum": 42620.0,
  "val_kl": 0.41360744295518537,
  "val_soft_acc": 0.9326607226654153,
  "by_group": {
    "ctx1_street0": {
      "kl": 0.327191691647925,
      "soft_acc": 1.0,
      "w": 24530.0
    },
    "ctx2_street0": {
      "kl": 0.40015838528168446,
      "soft_acc": 1.0,
      "w": 5997.0
    },
    "ctx5_street0": {
      "kl": 0.7659800290365826,
      "soft_acc": 1.0,
      "w": 5827.0
    },
    "ctx10_street1": {
      "kl": 0.32261405177222724,
      "soft_acc": 0.451114922813036,
      "w": 1749.0
    },
    "ctx6_street0": {
      "kl": 0.37277803379217406,
      "soft_acc": 0.3821907013396375,
      "w": 1269.0
    },
    "ctx10_street2": {
      "kl": 0.34415378767352567,
      "soft_acc": 0.5327004219409283,
      "w": 948.0
    },
    "ctx3_street0": {
      "kl": 0.4923682943079042,
      "soft_acc": 1.0,
      "w": 644.0
    },
    "ctx10_street3": {
      "kl": 0.29846169618217827,
      "soft_acc": 0.9384164222873901,
      "w": 341.0
    },
    "ctx14_street3": {
      "kl": 0.2764890829842866,
      "soft_acc": 0.9969604863221885,
      "w": 329.0
    },
    "ctx13_street1": {
      "kl": 1.406151133644917,
      "soft_acc": 0.0,
      "w": 319.0
    },
    "ctx14_street1": {
      "kl": 0.34764282147246084,
      "soft_acc": 0.6535433070866141,
      "w": 254.0
    },
    "ctx14_street2": {
      "kl": 0.3148746046725874,
      "soft_acc": 0.7004405286343612,
      "w": 227.0
    },
    "ctx13_street2": {
      "kl": 1.385368035550703,
      "soft_acc": 0.0,
      "w": 114.0
    },
    "ctx13_street3": {
      "kl": 1.377233647637897,
      "soft_acc": 0.0,
      "w": 72.0
    }
  }
}