{"kind": "kmeans_board_clusters", "street": "flop", "n_cards": 3, "n_clusters": 64, "random_state": 42, "feature_dim": 14, "centroids": [[3.0, 0.05102904886007309, 1.1641532182693481e-09, 0.0, 11.621400833129883, 6.488066673278809, 1.341104507446289e-07, -1.341104507446289e-07, 1.910288691520691, 0.9999988079071045, 0.08971195667982101, 0.08971195667982101, 5.014193534851074, 5.587935447692871e-08], [3.0, 0.10401187837123871, 3.259629011154175e-09, 0.0, 6.742941379547119, 3.3737003803253174, 1.1920928955078125e-07, -2.384185791015625e-07, 1.913818359375, 0.9999992847442627, 0.08618126064538956, 0.08618126064538956, 2.976597785949707, 1.30385160446167e-08], [3.0, 2.682209014892578e-07, 3.259629011154175e-09, 0.0, 11.576354026794434, 10.031402587890625, 0.9999995827674866, 1.0000004768371582, 1.9076353311538696, 0.9999990463256836, 0.0923645868897438, 0.0923645868897438, 1.6394662857055664, 2.9802322387695312e-08], [3.0, 1.000000238418579, -1.1641532182693481e-09, 0.0, 8.011079788208008, 0.5429348945617676, 4.470348358154297e-08, 4.470348358154297e-08, 2.459833860397339, 0.5401662588119507, -1.1175870895385742e-08, -1.1175870895385742e-08, 7.468143463134766, -5.587935447692871e-09], [3.0, 2.980232238769531e-07, 3.4924596548080444e-09, 0.0, 10.628005981445312, 4.181985378265381, 1.341104507446289e-07, -3.5762786865234375e-07, 1.8778531551361084, 0.9999990463256836, 0.1221468597650528, 0.1221468597650528, 4.299507141113281, 2.9802322387695312e-08], [3.0, 1.9371509552001953e-07, 1.1641532182693481e-09, 0.0, 3.810382843017578, 2.12753963470459, 1.0000001192092896, 1.0000003576278687, 2.999999523162842, -7.152557373046875e-07, -2.9802322387695312e-08, -2.9802322387695312e-08, 1.607785940170288, -7.450580596923828e-09], [3.0, 0.12161476910114288, 3.725290298461914e-09, 0.0, 11.618292808532715, 10.432287216186523, 1.1920928955078125e-07, -3.5762786865234375e-07, 1.9126214981079102, 0.999998927116394, 0.08737865835428238, 0.08737865835428238, 3.268523693084717, 4.284083843231201e-08], [3.0, 0.08853135257959366, 3.958120942115784e-09, 0.0, 8.426055908203125, 6.6232404708862305, 1.341104507446289e-07, -3.725290298461914e-07, 1.9064388275146484, 0.999998927116394, 0.09356141090393066, 0.09356141090393066, 3.188380718231201, 4.470348358154297e-08], [3.0, 0.9999998211860657, -1.1641532182693481e-09, 0.0, 10.49527359008789, 10.495271682739258, 5.960464477539063e-08, 1.4901161193847656e-08, 2.4877126216888428, 0.5122873783111572, -2.60770320892334e-08, -2.60770320892334e-08, 8.525516510009766, -5.587935447692871e-09], [3.0, 0.09114261716604233, 3.259629011154175e-09, 0.0, 8.857508659362793, 3.6059062480926514, 1.043081283569336e-07, -3.129243850708008e-07, 1.910782814025879, 0.9999991655349731, 0.08921696990728378, 0.08921696990728378, 3.9223368167877197, 2.60770320892334e-08], [3.0, 2.5331974029541016e-07, 3.259629011154175e-09, 0.0, 11.999999046325684, 2.3234691619873047, 1.0000001192092896, -2.682209014892578e-07, 2.3319239616394043, 0.6053559184074402, 0.06272020190954208, 0.06272020190954208, 5.664196014404297, 0.9999998211860657], [3.0, 0.03251335024833679, 2.561137080192566e-09, 0.0, 6.37785530090332, 4.631809711456299, 0.9674869775772095, 0.9674873352050781, 1.8936728239059448, 0.9999995231628418, 0.1063268855214119, 0.1063268855214119, 1.6792588233947754, -3.725290298461914e-09], [3.0, 2.086162567138672e-07, 2.0954757928848267e-09, 0.0, 10.528542518615723, 2.2716546058654785, 1.1920928955078125e-07, -4.470348358154297e-08, 2.999999523162842, -8.940696716308594e-07, -3.3527612686157227e-08, -3.3527612686157227e-08, 4.982775688171387, -5.587935447692871e-09], [3.0, 0.06244664639234543, 2.561137080192566e-09, 0.0, 7.87767219543457, 2.091533660888672, 1.341104507446289e-07, -1.341104507446289e-07, 3.0, -1.0132789611816406e-06, -3.725290298461914e-08, -3.725290298461914e-08, 3.7810094356536865, 0.0], [3.0, 0.0855877548456192, 2.7939677238464355e-09, 0.0, 11.577827453613281, 8.504657745361328, 1.1920928955078125e-07, -2.384185791015625e-07, 1.9051003456115723, 0.9999988675117493, 0.09490029513835907, 0.09490029513835907, 3.1299338340759277, 5.21540641784668e-08], [3.0, 0.0518312081694603, 3.4924596548080444e-09, 0.0, 9.545914649963379, 8.270423889160156, 1.043081283569336e-07, -4.172325134277344e-07, 1.9138027429580688, 0.9999990463256836, 0.08619719743728638, 0.08619719743728638, 3.329296112060547, 3.3527612686157227e-08], [3.0, 0.09860383719205856, 2.3283064365386963e-09, 0.0, 5.393542289733887, 1.9258313179016113, 0.13612571358680725, 0.13612568378448486, 1.9118671417236328, 0.999999463558197, 0.08813263475894928, 0.08813263475894928, 2.588569164276123, -1.862645149230957e-09], [3.0, 0.23436199128627777, 2.561137080192566e-09, 0.0, 11.719765663146973, 10.680567741394043, 1.1920928955078125e-07, -1.4901161193847656e-07, 3.0, -9.5367431640625e-07, -3.725290298461914e-08, -3.725290298461914e-08, 5.226019859313965, 3.725290298461914e-09], [3.0, 2.682209014892578e-07, 3.259629011154175e-09, 0.0, 8.43790340423584, 6.7613205909729, 1.0000001192092896, 1.0000005960464478, 2.407503366470337, 0.5510996580123901, 0.04139712080359459, 0.04139712080359459, 1.6565289497375488, 2.60770320892334e-08], [3.0, 0.02184624969959259, 3.958120942115784e-09, 0.0, 9.682685852050781, 6.501366138458252, 1.4901161193847656e-07, -3.8743019104003906e-07, 1.9066084623336792, 0.9999990463256836, 0.09339164197444916, 0.09339164197444916, 4.259694576263428, 3.725290298461914e-08], [3.0, 0.06272704154253006, 3.958120942115784e-09, 0.0, 8.625712394714355, 6.322965621948242, 1.1920928955078125e-07, -3.725290298461914e-07, 3.0000009536743164, -1.3113021850585938e-06, 4.842877388000488e-08, 4.842877388000488e-08, 3.238206624984741, 4.284083843231201e-08], [3.0, 0.11665667593479156, 3.4924596548080444e-09, 0.0, 11.48526668548584, 8.514734268188477, 1.341104507446289e-07, -3.725290298461914e-07, 3.0000007152557373, -1.3113021850585938e-06, -7.450580596923828e-09, -7.450580596923828e-09, 3.205352306365967, 2.9802322387695312e-08], [3.0, 2.384185791015625e-07, 2.561137080192566e-09, 0.0, 11.565884590148926, 8.497169494628906, 1.1920928955078125e-07, -1.7881393432617188e-07, 3.0, -1.0728836059570312e-06, -3.725290298461914e-08, -3.725290298461914e-08, 5.149149417877197, 5.587935447692871e-09], [3.0, 0.02688547968864441, 3.259629011154175e-09, 0.0, 11.043933868408203, 6.729836940765381, 1.1920928955078125e-07, -3.129243850708008e-07, 3.000000476837158, -1.1324882507324219e-06, -3.3527612686157227e-08, -3.3527612686157227e-08, 3.727213144302368, 2.421438694000244e-08], [3.0, 0.712104320526123, 1.6298145055770874e-09, 0.0, 4.970555305480957, 4.198472499847412, 1.1920928955078125e-07, 0.0, 2.864776134490967, 0.1352231204509735, -3.3527612686157227e-08, -3.3527612686157227e-08, 2.5550713539123535, -7.450580596923828e-09], [3.0, 0.06542764604091644, 3.026798367500305e-09, 0.0, 11.608177185058594, 4.500370025634766, 1.1920928955078125e-07, -2.5331974029541016e-07, 3.000000238418579, -1.1324882507324219e-06, -3.3527612686157227e-08, -3.3527612686157227e-08, 5.117098331451416, 1.1175870895385742e-08], [3.0, 0.9999995827674866, 2.3283064365386963e-10, 0.0, 6.987394332885742, 6.987395763397217, 7.450580596923828e-08, 2.9802322387695312e-08, 2.554621934890747, 0.4453781843185425, -2.9802322387695312e-08, -2.9802322387695312e-08, 5.501400470733643, -7.450580596923828e-09], [3.0, 1.000000238418579, -6.984919309616089e-10, 0.0, 11.735848426818848, 0.3849053382873535, 0.0, 0.0, 2.471698045730591, 0.5283019542694092, -1.1175870895385742e-08, -1.1175870895385742e-08, 11.350940704345703, -3.725290298461914e-09], [3.0, 0.0304214209318161, 0.012480486184358597, 0.0, 5.843213081359863, 4.173944473266602, 0.9570984244346619, 0.9570988416671753, 3.000000238418579, -1.0728836059570312e-06, -3.725290298461914e-08, -3.725290298461914e-08, 1.6368920803070068, 7.450580596923828e-09], [3.0, 2.5331974029541016e-07, 3.4924596548080444e-09, 0.0, 11.72941780090332, 8.460116386413574, 1.1920928955078125e-07, -3.2782554626464844e-07, 