{"kind": "kmeans", "n_clusters": 64, "random_state": 42, "centroids": [[3.0, 0.11945393681526184, -9.313225746154785e-10, 0.0, 4.515359401702881, 1.6655278205871582, 0.9999999403953552, -1.1920928955078125e-07, 1.9010241031646729, 0.9999999403953552, 0.09897610545158386, 0.09897610545158386, 2.0358362197875977, -2.2351741790771484e-08], [3.0, -4.470348358154297e-08, -2.3283064365386963e-10, 0.0, 10.79123306274414, 9.148223876953125, 0.8121085166931152, 0.9999998807907104, 1.881002426147461, 0.9999998807907104, 0.11899790167808533, 0.11899790167808533, 4.36952018737793, 2.2351741790771484e-08], [3.0, 0.2531914710998535, 2.3283064365386963e-10, 0.0, 10.793618202209473, 5.334042549133301, 0.07872384786605835, 0.9999998211860657, 2.1425533294677734, 0.8446807861328125, 0.012765947729349136, 0.012765947729349136, 3.2223403453826904, 1.4901161193847656e-08], [3.0, 0.1312849074602127, -6.984919309616089e-10, 0.0, 7.50279426574707, 6.321228981018066, 0.9999999403953552, -1.1920928955078125e-07, 1.9692739248275757, 0.9999998807907104, 0.030726250261068344, 0.030726250261068344, 2.8966481685638428, -7.450580596923828e-09], [3.0, 0.6888887882232666, 0.0, 0.0, 9.0, 0.42222118377685547, 1.0, 0.17037037014961243, 2.2592592239379883, 0.7407407164573669, 0.0, 0.0, 4.44444465637207, -1.4901161193847656e-08], [3.0, 0.03588514029979706, -4.656612873077393e-10, 0.0, 10.0, 7.8325347900390625, 0.09569406509399414, 0.9999998211860657, 1.9090911149978638, 0.9999998807907104, 0.09090907871723175, 0.09090907871723175, 2.4952151775360107, 0.0], [3.0, 0.49883463978767395, 0.04428904876112938, 0.0, 11.757576942443848, 11.216781616210938, 3.5762786865234375e-07, 0.9999998807907104, 2.4405593872070312, 0.5431234836578369, 0.016317006200551987, 0.016317006200551987, 1.322843313217163, 1.4901161193847656e-08], [3.0, 0.15634217858314514, -4.656612873077393e-10, 0.0, 6.235989093780518, 4.817108631134033, 0.8053097128868103, -1.1920928955078125e-07, 3.000000476837158, -5.960464477539063e-08, -1.1175870895385742e-08, -1.1175870895385742e-08, 1.9808259010314941, -1.4901161193847656e-08], [3.0, 0.03171245753765106, -2.3283064365386963e-10, 0.0, 12.000000953674316, 4.088793754577637, 1.0, 0.9999998807907104, 1.9069769382476807, 0.9999998807907104, 0.09302324056625366, 0.09302324056625366, 5.2875261306762695, 1.0000003576278687], [3.0, 0.19935689866542816, -6.984919309616089e-10, 0.0, 10.498393058776855, 1.6109309196472168, 0.9999999403953552, 0.9999999403953552, 1.9324760437011719, 0.9999998807907104, 0.06752410531044006, 0.06752410531044006, 4.98070764541626, -2.2351741790771484e-08], [3.0, 0.7957746982574463, -2.3283064365386963e-10, 0.0, 4.091549873352051, 0.3943657875061035, 1.0, 5.960464477539063e-08, 2.7746479511260986, 0.22535204887390137, -3.725290298461914e-09, -3.725290298461914e-09, 1.9507042169570923, -2.2351741790771484e-08], [3.0, -1.4901161193847656e-08, -6.984919309616089e-10, 0.0, 12.000000953674316, 6.528124809265137, 1.0, 0.9999999403953552, 1.9156252145767212, 0.9999999403953552, 0.08437498658895493, 0.08437498658895493, 5.276562690734863, 1.000000238418579], [3.0, 0.08457711338996887, -2.3283064365386963e-10, 0.0, 7.28358268737793, 3.6019887924194336, 0.9651740789413452, -1.7881393432617188e-07, 1.9104479551315308, 0.9999998807907104, 0.08955222368240356, 0.08955222368240356, 2.796020030975342, 0.0], [3.0, 0.8054608106613159, 0.03412969037890434, 0.0, 8.723549842834473, 8.406142234802246, 1.7881393432617188e-07, 0.030716657638549805, 2.6962459087371826, 0.30375421047210693, -7.450580596923828e-09, -7.450580596923828e-09, 1.155290126800537, -2.2351741790771484e-08], [3.0, 0.19201518595218658, 2.3283064365386963e-10, 0.0, 12.000000953674316, 10.884029388427734, 1.0, 0.9999998807907104, 2.2034220695495605, 0.7471482157707214, 0.049429651349782944, 0.049429651349782944, 5.234790325164795, 1.0000004768371582], [3.0, 0.17307692766189575, -9.313225746154785e-10, 0.0, 11.532052040100098, 9.660255432128906, 2.384185791015625e-07, 0.9999998807907104, 3.000000476837158, 0.0, -1.1175870895385742e-08, -1.1175870895385742e-08, 1.7804487943649292, -2.2351741790771484e-08], [3.0, -2.9802322387695312e-08, -9.313225746154785e-10, 0.0, 10.519084930419922, 8.503815650939941, 0.9999999403953552, 0.9999998807907104, 3.000000238418579, -5.960464477539063e-08, -1.1175870895385742e-08, -1.1175870895385742e-08, 4.527990341186523, -7.450580596923828e-09], [3.0, -5.960464477539063e-08, 0.0, 0.0, 10.380952835083008, 6.48701286315918, 1.0, 0.9999998807907104, 1.9783551692962646, 0.9999998807907104, 0.021645015105605125, 0.021645015105605125, 4.285714626312256, 2.9802322387695312e-08], [3.0, 0.13946586847305298, -9.313225746154785e-10, 0.0, 8.581603050231934, 6.762611389160156, 2.384185791015625e-07, -1.1920928955078125e-07, 3.000000476837158, 0.0, -7.450580596923828e-09, -7.450580596923828e-09, 1.777448296546936, -2.9802322387695312e-08], [3.0, 0.08943089842796326, -9.313225746154785e-10, 0.0, 10.300813674926758, 4.276421546936035, 0.9430893659591675, 0.9999998807907104, 3.000000476837158, -5.960464477539063e-08, -1.1175870895385742e-08, -1.1175870895385742e-08, 4.157181262969971, -1.4901161193847656e-08], [3.0, 0.45873790979385376, 0.02184465155005455, 0.0, 6.669903755187988, 5.900485515594482, 0.03640812635421753, -1.7881393432617188e-07, 2.3422329425811768, 0.6237863898277283, 0.03398057073354721, 0.03398057073354721, 1.033980131149292, 7.450580596923828e-09], [3.0, 0.38761472702026367, 0.011467885226011276, 0.0, 10.330275535583496, 9.447246551513672, 4.76837158203125e-07, 0.9999998211860657, 2.1261467933654785, 0.841742992401123, 0.03211008757352829, 0.03211008757352829, 1.3096325397491455, 1.4901161193847656e-08], [3.0, 0.5369457602500916, -4.656612873077393e-10, 0.0, 3.88670015335083, 3.0886693000793457, 0.9999999403953552, 0.0, 1.9605910778045654, 0.9999998807907104, 0.039408862590789795, 0.039408862590789795, 1.2733991146087646, -3.725290298461914e-08], [3.0, 0.2276422530412674, -6.984919309616089e-10, 0.0, 12.000000953674316, 1.528454303741455, 1.0, 1.0, 2.3658535480499268, 0.5853658318519592, 0.04878048226237297, 0.04878048226237297, 5.764227867126465, 1.0000001192092896], [3.0, -2.9802322387695312e-08, -6.984919309616089e-10, 0.0, 10.65374755859375, 5.165374279022217, 1.0, 0.9999998807907104, 1.9896643161773682, 0.9534883499145508, 0.05684753507375717, 0.05684753507375717, 4.8294572830200195, -7.450580596923828e-09], [3.0, -2.9802322387695312e-08, -6.984919309616089e-10, 0.0, 10.50247573852539, 6.504950523376465, 1.0, 0.9999998807907104, 3.000000476837158, 0.0, -1.4901161193847656e-08, -1.4901161193847656e-08, 4.457921028137207, 7.450580596923828e-09], [3.0, 0.0, -9.313225746154785e-10, 0.0, 12.000000953674316, 9.036543846130371, 0.9999999403953552, 1.0, 3.000000238418579, -5.960464477539063e-08, -1.1175870895385742e-08, -1.1175870895385742e-08, 5.224252700805664, 1.0000001192092896], [3.0, 0.14695338904857635, -4.656612873077393e-10, 0.0, 8.204301834106445, 1.8172030448913574, 1.0, -1.1920928955078125e-07, 1.8637994527816772, 0.9999999403953552, 0.1362006962299347, 0.1362006962299347, 3.82974910736084, -2.2351741790771484e-08], [3.0, 0.026506006717681885, -4.656612873077393e-10, 0.0, 8.648193359375, 3.518071174621582, 1.0, -1.7881393432617188e-07, 1.9228918552398682, 0.9999998807907104, 0.07710842788219452, 0.07710842788219452, 3.778313159942627, 0.0], [3.0, 0.11811023950576782, -9.313225746154785e-10, 0.0, 6.517061233520508, 5.22047233581543, 0.9947506189346313, -1.7881393432617188e-07, 1.900262713432312, 0.9999999403953552, 0.09973752498626709, 0.09973752498626709, 2.461942195892334, -1.4901161193847656e-08], [3.0, 0.09350649267435074, -6.984919309616089e-10, 0.0, 10.43636417388916, 8.651947021484375, 4.172325134277344e-07, 0.9999998807907104, 3.000000238418579, -1.1920928955078125e-07, -7.450580596923828e-09, -7.450580596923828e-09, 2.4051947593688965, -7.450580596923828e-09], [3.0, 0.020304560661315918, 1.1641532182693481e-09, 0.0, 11.59390926361084, 9.499152183532715, 