{
  "model_name": "ExploitNet",
  "feature_order": [
    "spr",
    "vpip",
    "pfr",
    "three_bet",
    "pot_bb",
    "hands_obs",
    "street",
    "villain_pos"
  ],
  "cardinals": {
    "street": 4,
    "villain_pos": 6
  },
  "cat_feats": [
    "street",
    "villain_pos"
  ],
  "numeric_feats": [
    "spr",
    "vpip",
    "pfr",
    "three_bet",
    "pot_bb",
    "hands_obs"
  ],
  "numeric_stats": {
    "mean": [
      35.48912811279297,
      0.2716762125492096,
      0.13520009815692902,
      0.02551969327032566,
      6.8733415603637695,
      20897.794921875
    ],
    "std": [
      24.86446189880371,
      0.033753570169210434,
      0.058514755219221115,
      0.012302995659410954,
      10.449997901916504,
      12262.2998046875
    ]
  },
  "id_maps": {
    "villain_pos": {
      "UTG": 0,
      "HJ": 1,
      "CO": 2,
      "BTN": 3,
      "SB": 4,
      "BB": 5
    }
  },
  "pad_at_zero": true,
  "warnings": []
}