{
  "epoch": [
    1,
    2,
    3,
    4,
    5,
    6,
    7,
    8,
    9,
    10,
    11,
    12,
    13,
    14,
    15
  ],
  "train": [
    0.13434819752473862,
    0.10163300380409224,
    0.09418535453956679,
    0.08956985705989902,
    0.08605080103768589,
    0.08372759920285185,
    0.0817134127449426,
    0.08000479196899049,
    0.07749313810427923,
    0.07531788760215488,
    0.07380195649529214,
    0.07239678154235996,
    0.07132347333520023,
    0.07000279959404107,
    0.06900520600152737
  ],
  "val": [
    0.09720328634916689,
    0.08911449243689333,
    0.08644692989188582,
    0.08364947739847273,
    0.08113754895635494,
    0.07972445651875062,
    0.07972387185838904,
    0.07714637174554494,
    0.07550667265600677,
    0.0747039665043299,
    0.07385557686615388,
    0.07363006742765901,
    0.07318295550831592,
    0.07170923185861298,
    0.07120525366200219
  ]
}