{
  "epoch": [
    1,
    2,
    3,
    4,
    5,
    6,
    7,
    8,
    9,
    10,
    11
  ],
  "train": [
    29.538288749550127,
    29.149772842295846,
    29.10443654133849,
    29.09656125786419,
    29.062466184819893,
    29.062562274895893,
    29.046433344028998,
    29.036606046341387,
    29.03935983651294,
    29.042658488839272,
    29.040021956950035
  ],
  "val": [
    28.919809576474876,
    28.86883861980447,
    28.88565049941431,
    28.67969960151247,
    28.654035047549083,
    28.653421782292135,
    28.617041015223215,
    28.645146829412873,
    28.644786344413564,
    28.80699268105267,
    28.68354548369596
  ],
  "top1": [
    0.2586728984267,
    0.2652557435323547,
    0.25926535448620897,
    0.2727931011783293,
    0.274208412876045,
    0.28121914291356725,
    0.28105457178592586,
    0.2849713646237904,
    0.282634454611283,
    0.28309525376867883,
    0.2848726219472056
  ]
}