{
  "epoch": [
    1,
    2,
    3,
    4,
    5,
    6,
    7,
    8
  ],
  "train": [
    0.11867850921467964,
    0.0993931138788045,
    0.09852211135972466,
    0.09822783514497059,
    0.0979378619422855,
    0.09774452488022471,
    0.07445986983260941,
    0.06029540730994717
  ],
  "val": [
    0.10019213145072269,
    0.09797276610360037,
    0.097501901393873,
    0.097199775956312,
    0.09716141305337095,
    0.09691516856646644,
    0.060281702864736025,
    0.058868611954306704
  ]
}