{
  "epoch": [
    1,
    2,
    3,
    4,
    5,
    6,
    7,
    8,
    9,
    10
  ],
  "train": [
    0.3126471613883972,
    0.29338514716625214,
    0.29297215168476104,
    0.2928343628644943,
    0.29268654425144197,
    0.29257002012729644,
    0.292579342675209,
    0.29241002020835877,
    0.2924424921751022,
    0.292390975689888
  ],
  "val": [
    0.11397559579927474,
    0.11037249234504998,
    0.10766912647522986,
    0.1073003726778552,
    0.10636345652164891,
    0.10611741081811488,
    0.10508018545806408,
    0.10504176473477855,
    0.10726531664840877,
    0.10546469286782667
  ],
  "val_acc": [
    0.9782310806602305,
    0.9782310806602305,
    0.9782310806602305,
    0.9782310806602305,
    0.9782310806602305,
    0.9782310806602305,
    0.9782310806602305,
    0.9782310806602305,
    0.9782310806602305,
    0.9782310806602305
  ]
}